Note,Title,Media URL,Pinterest board,Link,Description
,Lampe frontale rechargeable LED — 27.99€,https://naturesurvie.net/images/pinterest/pin_lampe.jpg,Survie & Outdoor 🌿,https://naturesurvie.net/produit.html?id=1,"🔦 Lampe frontale rechargeable LED — idéale pour la randonnée, le camping et la survie. Autonomie longue durée, bandeau ajustable. 27,99€ → naturesurvie.net #survie #outdoor #lampe #bushcraft #randonnée"
,Couverture de survie isotherme — 11.99€,https://naturesurvie.net/images/pinterest/pin_couverture.jpg,Survie & Outdoor 🌿,https://naturesurvie.net/produit.html?id=3,"🆘 Couverture de survie isotherme — conserve 90% de la chaleur corporelle. Indispensable dans tout sac d'urgence 72h. 11,99€ → naturesurvie.net #survie #urgence #preppers #autonomie #sac72h"
,Kit premiers secours complet — 18.99€,https://naturesurvie.net/images/pinterest/pin_secours.jpg,Survie & Outdoor 🌿,https://naturesurvie.net/produit.html?id=4,"🩺 Kit premiers secours complet — pansements, bandes, ciseaux, gants. Compact et léger pour la randonnée et le camping. 18,99€ → naturesurvie.net #premierssecours #survie #outdoor #camping #sécurité"
,Couteau pliant robuste — 14.99€,https://naturesurvie.net/images/pinterest/pin_couteau.jpg,Survie & Outdoor 🌿,https://naturesurvie.net/produit.html?id=5,"🔪 Couteau pliant robuste — lame inoxydable, manche en bois ergonomique. Essentiel pour le bushcraft et la vie en plein air. 14,99€ → naturesurvie.net #couteau #bushcraft #survie #outdoor"
,Gourde filtrante purification eau — 24.99€,https://naturesurvie.net/images/pinterest/pin_gourde.jpg,Survie & Outdoor 🌿,https://naturesurvie.net/produit.html?id=8,"💧 Gourde filtrante — eau purifiée partout, bois, rivière ou robinet. Filtre 99,9% des bactéries. 24,99€ → naturesurvie.net #eau #filtre #survie #bushcraft #randonnée"
,Sifflet de survie SOS — 4.99€,https://naturesurvie.net/images/pinterest/pin_sifflet.jpg,Survie & Outdoor 🌿,https://naturesurvie.net/produit.html?id=9,"📣 Sifflet de survie SOS — portée jusqu'à 1km, fonctionne même mouillé. À avoir absolument dans votre sac. 4,99€ → naturesurvie.net #sifflet #survie #sos #outdoor #sécurité"
,Briquet tempête coupe-vent — 8.99€,https://naturesurvie.net/images/pinterest/pin_briquet.jpg,Survie & Outdoor 🌿,https://naturesurvie.net/produit.html?id=12,"🔥 Briquet tempête coupe-vent — s'allume par -40°C, résiste à la pluie et au vent. Indispensable en survie. 8,99€ → naturesurvie.net #feu #bushcraft #survie #camping #briquet"
,Boussole militaire de précision — 12.99€,https://naturesurvie.net/images/pinterest/pin_boussole.jpg,Survie & Outdoor 🌿,https://naturesurvie.net/produit.html?id=13,"🧭 Boussole militaire de précision — ne tombe jamais en panne, fonctionne sans batterie. Navigation fiable en forêt. 12,99€ → naturesurvie.net #boussole #navigation #survie #bushcraft #outdoor"
,Panneau solaire portable 21W — 39.99€,https://naturesurvie.net/images/pinterest/pin_solaire.jpg,Survie & Outdoor 🌿,https://naturesurvie.net/produit.html?id=14,"☀️ Panneau solaire portable 21W — rechargez vos appareils partout, même hors réseau. Parfait pour l'autonomie énergétique. 39,99€ → naturesurvie.net #solaire #autonomie #énergie #survie #preppers"
,Sac à dos tactique 45L — 49.99€,https://naturesurvie.net/images/pinterest/pin_sac.jpg,Survie & Outdoor 🌿,https://naturesurvie.net/produit.html?id=15,"🎒 Sac à dos tactique 45L — compartiments multiples, sangles renforcées. Idéal pour votre kit de survie 72h complet. 49,99€ → naturesurvie.net #sac #bushcraft #survie #tactical #sac72h"
